Workbook

Sheet CADASTRO
A1: ID | B1: Material | C1: Categoria | D1: Unidade | E1: Estoque Inicial | F1: Estoque Mínimo
A2: MAT001 | B2: Papel Fotográfico A4 | C2: Insumos | D2: Folhas | E2: 200 | F2: 50
A3: MAT002 | B3: Papel Fotográfico A3 | C3: Insumos | D3: Folhas | E3: 100 | F3: 20
A4: MAT003 | B4: Tinta Preta | C4: Insumos | D4: Unidades | E4: 12 | F4: 10
A5: MAT004 | B5: Tinta Colorida (Ciano) | C5: Insumos | D5: Unidades | E5: 8 | F5: 10
A6: MAT005 | B6: Tinta Colorida (Magenta) | C6: Insumos | D6: Unidades | E6: 8 | F6: 10
A7: MAT006 | B7: Tinta Colorida (Amarelo) | C7: Insumos | D7: Unidades | E7: 8 | F7: 10
A8: MAT007 | B8: Cordão de Nylon 2mm | C8: Acessórios | D8: Metros | E8: 150 | F8: 30
A9: MAT008 | B9: Cordão de Nylon 4mm | C9: Acessórios | D9: Metros | E9: 80 | F9: 15
A10: MAT009 | B10: Cordão de Nylon 6mm | C10: Acessórios | D10: Metros | E10: 50 | F10: 10
A11: MAT010 | B11: Embalagem Plástica Pequena | C11: Embalagem | D11: Pacotes | E11: 40 | F11: 10
A12: MAT011 | B12: Embalagem Plástica Média | C12: Embalagem | D12: Pacotes | E12: 25 | F12: 10
A13: MAT012 | B13: Embalagem Plástica Grande | C13: Embalagem | D13: Pacotes | E13: 15 | F13: 10
... A26: MAT025 | B26: Placa de MDF 6mm | C26: Insumos | D26: Unidades | E26: 15 | F26: 10

Sheet MOVIMENTACOES
A1: Data | B1: Material | C1: Tipo | D1: Quantidade | E1: Observação
A2: 46235 | B2: Papel Fotográfico A4 | C2: Entrada | D2: 100 | E2: Compra mensal - Fornecedor Papelaria SP
A3: 46239 | B3: Papel Fotográfico A4 | C3: Saída | D3: 290 | E3: Venda - Cliente Ana Silva - Pedido #123
A4: 46244 | B4: Tinta Preta | C4: Entrada | D4: 6 | E4: NF 98765 - Distribuidora Tintas Brasil
A5: 46246 | B5: Tinta Preta | C5: Saída | D5: 15 | E5: Consumo interno - Setor de Impressão
A6: 46249 | B6: Cordão de Nylon 2mm | C6: Entrada | D6: 50 | E6: Reposição - Pedido #321
A7: 46249 | B7: Rolo de Adesivo Dupla Face | C7: Saída | D7: 9
A8: 46252 | B8: Cordão de Nylon 2mm | C8: Saída | D8: 180 | E8: Venda - Cliente Carlos Santos - Projeto artesanal
A9: 46254 | B9: Embalagem Plástica Pequena | C9: Saída | D9: 35 | E9: Perda - 3 Unidades danificadas + 5 quebradas
A10: 46256 | B10: Rolo de Adesivo Transparente | C10: Entrada | D10: 20 | E10: Compra emergencial - Fornecedor X
A11: 46259 | B11: Rolo de Adesivo Transparente | C11: Saída | D11: 5 | E11: Uso interno - Preparação de pedidos
A12: 46262 | B12: Fita Crepe 24mm | C12: Entrada | D12: 30 | E12: Compra mensal - NF 11223
A13: 46264 | B13: Fita Crepe 24mm | C13: Saída | D13: 3 | E13: Venda - Cliente Mercado Livre - Pedido #789
A14: 46265 | B14: Placa de MDF 3mm | C14: Entrada | D14: 10 | E14: Devolução - Cliente devolveu excedente

Sheet ESTOQUE
A1: ID | B1: Material | C1: Estoque Inicial | D1: Total Entradas | E1: Total Saídas | F1: Estoque Atual | G1: Estoque Mínimo | H1: Situação | I1: Necessidade Reposição | J1: Lista de Compras
A2: =CADASTRO!A2 -> MAT001 | B2: =CADASTRO!B2 -> Papel Fotográfico A4 | C2: =CADASTRO!E2 -> 200 | D2: =SUMIFS(MOVIMENTACOES!D:D, MOVIMENTACOES!B:B, B2, MOVIMENTACOES!C:C, "Entrada") -> 100 | E2: =SUMIFS(MOVIMENTACOES!D:D, MOVIMENTACOES!B:B, B2, MOVIMENTACOES!C:C,"Saída") -> 290 | F2: =C2 + D2 - E2 -> 10 | G2: =CADASTRO!F2 -> 50 | H2: =IF(F2=0, "ZERADO", IF(F2 <= G2, "BAIXO", "NORMAL")) -> BAIXO | I2: =IF(F2 < G2, G2 - F2, "0") -> 40 | J2: =IF(H2="BAIXO","Comprar","Não comprar") -> Comprar
A3: =CADASTRO!A3 -> MAT002 | B3: =CADASTRO!B3 -> Papel Fotográfico A3 | C3: =CADASTRO!E3 -> 100 | D3: =SUMIFS(MOVIMENTACOES!D:D, MOVIMENTACOES!B:B, B3, MOVIMENTACOES!C:C, "Entrada") -> 0 | E3: =SUMIFS(MOVIMENTACOES!D:D, MOVIMENTACOES!B:B, B3, MOVIMENTACOES!C:C,"Saída") -> 0 | F3: =C3 + D3 - E3 -> 100 | G3: =CADASTRO!F3 -> 20 | H3: =IF(F3=0, "ZERADO", IF(F3 <= G3, "BAIXO", "NORMAL")) -> NORMAL | I3: =IF(F3 < G3, G3 - F3, "0") -> 0 | J3: =IF(H3="BAIXO","Comprar","Não comprar") -> Não comprar
A4: =CADASTRO!A4 -> MAT003 | B4: =CADASTRO!B4 -> Tinta Preta | C4: =CADASTRO!E4 -> 12 | D4: =SUMIFS(MOVIMENTACOES!D:D, MOVIMENTACOES!B:B, B4, MOVIMENTACOES!C:C, "Entrada") -> 6 | E4: =SUMIFS(MOVIMENTACOES!D:D, MOVIMENTACOES!B:B, B4, MOVIMENTACOES!C:C,"Saída") -> 15 | F4: =C4 + D4 - E4 -> 3 | G4: =CADASTRO!F4 -> 10 | H4: =IF(F4=0, "ZERADO", IF(F4 <= G4, "BAIXO", "NORMAL")) -> BAIXO | I4: =IF(F4 < G4, G4 - F4, "0") -> 7 | J4: =IF(H4="BAIXO","Comprar","Não comprar") -> Comprar
A5: =CADASTRO!A5 -> MAT004 | B5: =CADASTRO!B5 -> Tinta Colorida (Ciano) | C5: =CADASTRO!E5 -> 8 | D5: =SUMIFS(MOVIMENTACOES!D:D, MOVIMENTACOES!B:B, B5, MOVIMENTACOES!C:C, "Entrada") -> 0 | E5: =SUMIFS(MOVIMENTACOES!D:D, MOVIMENTACOES!B:B, B5, MOVIMENTACOES!C:C,"Saída") -> 0 | F5: =C5 + D5 - E5 -> 8 | G5: =CADASTRO!F5 -> 10 | H5: =IF(F5=0, "ZERADO", IF(F5 <= G5, "BAIXO", "NORMAL")) -> BAIXO | I5: =IF(F5 < G5, G5 - F5, "0") -> 2 | J5: =IF(H5="BAIXO","Comprar","Não comprar") -> Comprar
A6: =CADASTRO!A6 -> MAT005 | B6: =CADASTRO!B6 -> Tinta Colorida (Magenta) | C6: =CADASTRO!E6 -> 8 | D6: =SUMIFS(MOVIMENTACOES!D:D, MOVIMENTACOES!B:B, B6, MOVIMENTACOES!C:C, "Entrada") -> 0 | E6: =SUMIFS(MOVIMENTACOES!D:D, MOVIMENTACOES!B:B, B6, MOVIMENTACOES!C:C,"Saída") -> 0 | F6: =C6 + D6 - E6 -> 8 | G6: =CADASTRO!F6 -> 10 | H6: =IF(F6=0, "ZERADO", IF(F6 <= G6, "BAIXO", "NORMAL")) -> BAIXO | I6: =IF(F6 < G6, G6 - F6, "0") -> 2 | J6: =IF(H6="BAIXO","Comprar","Não comprar") -> Comprar
A7: =CADASTRO!A7 -> MAT006 | B7: =CADASTRO!B7 -> Tinta Colorida (Amarelo) | C7: =CADASTRO!E7 -> 8 | D7: =SUMIFS(MOVIMENTACOES!D:D, MOVIMENTACOES!B:B, B7, MOVIMENTACOES!C:C, "Entrada") -> 0 | E7: =SUMIFS(MOVIMENTACOES!D:D, MOVIMENTACOES!B:B, B7, MOVIMENTACOES!C:C,"Saída") -> 0 | F7: =C7 + D7 - E7 -> 8 | G7: =CADASTRO!F7 -> 10 | H7: =IF(F7=0, "ZERADO", IF(F7 <= G7, "BAIXO", "NORMAL")) -> BAIXO | I7: =IF(F7 < G7, G7 - F7, "0") -> 2 | J7: =IF(H7="BAIXO","Comprar","Não comprar") -> Comprar
A8: =CADASTRO!A8 -> MAT007 | B8: =CADASTRO!B8 -> Cordão de Nylon 2mm | C8: =CADASTRO!E8 -> 150 | D8: =SUMIFS(MOVIMENTACOES!D:D, MOVIMENTACOES!B:B, B8, MOVIMENTACOES!C:C, "Entrada") -> 50 | E8: =SUMIFS(MOVIMENTACOES!D:D, MOVIMENTACOES!B:B, B8, MOVIMENTACOES!C:C,"Saída") -> 180 | F8: =C8 + D8 - E8 -> 20 | G8: =CADASTRO!F8 -> 30 | H8: =IF(F8=0, "ZERADO", IF(F8 <= G8, "BAIXO", "NORMAL")) -> BAIXO | I8: =IF(F8 < G8, G8 - F8, "0") -> 10 | J8: =IF(H8="BAIXO","Comprar","Não comprar") -> Comprar
A9: =CADASTRO!A9 -> MAT008 | B9: =CADASTRO!B9 -> Cordão de Nylon 4mm | C9: =CADASTRO!E9 -> 80 | D9: =SUMIFS(MOVIMENTACOES!D:D, MOVIMENTACOES!B:B, B9, MOVIMENTACOES!C:C, "Entrada") -> 0 | E9: =SUMIFS(MOVIMENTACOES!D:D, MOVIMENTACOES!B:B, B9, MOVIMENTACOES!C:C,"Saída") -> 0 | F9: =C9 + D9 - E9 -> 80 | G9: =CADASTRO!F9 -> 15 | H9: =IF(F9=0, "ZERADO", IF(F9 <= G9, "BAIXO", "NORMAL")) -> NORMAL | I9: =IF(F9 < G9, G9 - F9, "0") -> 0 | J9: =IF(H9="BAIXO","Comprar","Não comprar") -> Não comprar
A10: =CADASTRO!A10 -> MAT009 | B10: =CADASTRO!B10 -> Cordão de Nylon 6mm | C10: =CADASTRO!E10 -> 50 | D10: =SUMIFS(MOVIMENTACOES!D:D, MOVIMENTACOES!B:B, B10, MOVIMENTACOES!C:C, "Entrada") -> 0 | E10: =SUMIFS(MOVIMENTACOES!D:D, MOVIMENTACOES!B:B, B10, MOVIMENTACOES!C:C,"Saída") -> 0 | F10: =C10 + D10 - E10 -> 50 | G10: =CADASTRO!F10 -> 10 | H10: =IF(F10=0, "ZERADO", IF(F10 <= G10, "BAIXO", "NORMAL")) -> NORMAL | I10: =IF(F10 < G10, G10 - F10, "0") -> 0 | J10: =IF(H10="BAIXO","Comprar","Não comprar") -> Não comprar
A11: =CADASTRO!A11 -> MAT010 | B11: =CADASTRO!B11 -> Embalagem Plástica Pequena | C11: =CADASTRO!E11 -> 40 | D11: =SUMIFS(MOVIMENTACOES!D:D, MOVIMENTACOES!B:B, B11, MOVIMENTACOES!C:C, "Entrada") -> 0 | E11: =SUMIFS(MOVIMENTACOES!D:D, MOVIMENTACOES!B:B, B11, MOVIMENTACOES!C:C,"Saída") -> 35 | F11: =C11 + D11 - E11 -> 5 | G11: =CADASTRO!F11 -> 10 | H11: =IF(F11=0, "ZERADO", IF(F11 <= G11, "BAIXO", "NORMAL")) -> BAIXO | I11: =IF(F11 < G11, G11 - F11, "0") -> 5 | J11: =IF(H11="BAIXO","Comprar","Não comprar") -> Comprar
A12: =CADASTRO!A12 -> MAT011 | B12: =CADASTRO!B12 -> Embalagem Plástica Média | C12: =CADASTRO!E12 -> 25 | D12: =SUMIFS(MOVIMENTACOES!D:D, MOVIMENTACOES!B:B, B12, MOVIMENTACOES!C:C, "Entrada") -> 0 | E12: =SUMIFS(MOVIMENTACOES!D:D, MOVIMENTACOES!B:B, B12, MOVIMENTACOES!C:C,"Saída") -> 0 | F12: =C12 + D12 - E12 -> 25 | G12: =CADASTRO!F12 -> 10 | H12: =IF(F12=0, "ZERADO", IF(F12 <= G12, "BAIXO", "NORMAL")) -> NORMAL | I12: =IF(F12 < G12, G12 - F12, "0") -> 0 | J12: =IF(H12="BAIXO","Comprar","Não comprar") -> Não comprar
A13: =CADASTRO!A13 -> MAT012 | B13: =CADASTRO!B13 -> Embalagem Plástica Grande | C13: =CADASTRO!E13 -> 15 | D13: =SUMIFS(MOVIMENTACOES!D:D, MOVIMENTACOES!B:B, B13, MOVIMENTACOES!C:C, "Entrada") -> 0 | E13: =SUMIFS(MOVIMENTACOES!D:D, MOVIMENTACOES!B:B, B13, MOVIMENTACOES!C:C,"Saída") -> 0 | F13: =C13 + D13 - E13 -> 15 | G13: =CADASTRO!F13 -> 10 | H13: =IF(F13=0, "ZERADO", IF(F13 <= G13, "BAIXO", "NORMAL")) -> NORMAL | I13: =IF(F13 < G13, G13 - F13, "0") -> 0 | J13: =IF(H13="BAIXO","Comprar","Não comprar") -> Não comprar
... A26: =CADASTRO!A26 -> MAT025 | B26: =CADASTRO!B26 -> Placa de MDF 6mm | C26: =CADASTRO!E26 -> 15 | D26: =SUMIFS(MOVIMENTACOES!D:D, MOVIMENTACOES!B:B, B26, MOVIMENTACOES!C:C, "Entrada") -> 0 | E26: =SUMIFS(MOVIMENTACOES!D:D, MOVIMENTACOES!B:B, B26, MOVIMENTACOES!C:C,"Saída") -> 0 | F26: =C26 + D26 - E26 -> 15 | G26: =CADASTRO!F26 -> 10 | H26: =IF(F26=0, "ZERADO", IF(F26 <= G26, "BAIXO", "NORMAL")) -> NORMAL | I26: =IF(F26 < G26, G26 - F26, "0") -> 0 | J26: =IF(H26="BAIXO","Comprar","Não comprar") -> Não comprar
